1,Wasima,Steinmetz,3/5/2017,Wasima.Steinmetz234@att.com
2,Staci,Renwick,3/6/2017,Staci.Renwick477@att.com
3,Pauravi,Robitaille,3/22/2017,Pauravi.Robitaille986@outlook.com
4,Janak,Dahms,7/11/2017,Janak.Dahms73@yahoo.com
5,Ama,Hartsell,1/11/2018,Ama.Hartsell852@utd.edu
6,Ireta,Barkley,1/15/2018,Ireta.Barkley785@facebook.com
7,Alberta,Thai,2/9/2018,Alberta.Thai450@att.com
8,Cochiti,Spurgeon,2/25/2018,Cochiti.Spurgeon416@outlook.com
9,Fran,Blohm,4/28/2018,Fran.Blohm21@rackspace.com
10,Constantine,Vicknair,6/8/2018,Constantine.Vicknair109@aol.com
11,Aroon,Hasty,6/22/2018,Aroon.Hasty660@rackspace.com
12,Sylvie,Utley,6/26/2018,Sylvie.Utley582@facebook.com
13,Faine,Noel,7/26/2018,Faine.Noel920@yahoo.com
14,Effie,Glasco,9/24/2018,Effie.Glasco272@att.com
15,Armorel,Lombardo,11/8/2018,Armorel.Lombardo570@outlook.com
16,Vyasa,Barbieri,11/22/2018,Vyasa.Barbieri183@facebook.com
17,Helouse,Teran,1/12/2019,Helouse.Teran470@aol.com
18,Burle,Kegley,2/20/2019,Burle.Kegley167@att.com
19,Galia,Millar,3/27/2019,Galia.Millar372@outlook.com
20,Enda,Northup,4/25/2019,Enda.Northup267@utd.edu
21,Innocent,Early,5/8/2019,Innocent.Early805@att.com
22,Filberta,Armentrout,6/12/2019,Filberta.Armentrout303@outlook.com
23,Kelvin,Cecil,8/7/2019,Kelvin.Cecil352@utd.edu
24,Ben,Hoppe,11/3/2019,Ben.Hoppe677@yahoo.com
25,Christian,Zaleski,12/23/2019,Christian.Zaleski202@rackspace.com
26,Hadwin,Filer,4/30/2017,Hadwin.Filer881@outlook.com
27,Hannu,Parkey,5/25/2017,Hannu.Parkey549@utd.edu
28,Roni,Onofre,6/1/2017,Roni.Onofre290@utd.edu
29,Fernleigh,Hopper,6/4/2017,Fernleigh.Hopper148@yahoo.com
30,Nicholas,Orme,6/19/2017,Nicholas.Orme396@facebook.com
31,Spring,Chisholm,8/8/2017,Spring.Chisholm348@att.com
32,Warton,Waters,9/1/2017,Warton.Waters926@facebook.com
33,Tuvya,Hollon,10/3/2017,Tuvya.Hollon65@utd.edu
34,Brighton,Marty,10/23/2017,Brighton.Marty48@google.com
35,Srinivas,Almond,10/24/2017,Srinivas.Almond834@google.com
36,Rand,Vicknair,12/22/2017,Rand.Vicknair687@utd.edu
37,Zenda,Ruggiero,2/19/2018,Zenda.Ruggiero922@att.com
38,Trelawney,Basurto,4/23/2018,Trelawney.Basurto205@outlook.com
39,Corona,Detrick,5/10/2018,Corona.Detrick897@facebook.com
40,Warwick,Deen,6/17/2018,Warwick.Deen920@aol.com
41,Pearl,Lovins,8/29/2018,Pearl.Lovins735@yahoo.com
42,Derwyn,Detweiler,11/3/2018,Derwyn.Detweiler742@aol.com
43,Ezra,Padula,1/1/2019,Ezra.Padula547@aol.com
44,Scarus,Ta,3/1/2019,Scarus.Ta164@facebook.com
45,Jonah,Usher,3/11/2019,Jonah.Usher645@google.com
46,Trixy,Campa,7/13/2019,Trixy.Campa44@att.com
47,Devereux,Kollar,10/26/2019,Devereux.Kollar245@outlook.com
48,Arlo,Shiner,11/7/2019,Arlo.Shiner939@yahoo.com
49,Kaede,Trusty,11/11/2019,Kaede.Trusty621@utd.edu
50,Onenn,Hatton,11/15/2019,Onenn.Hatton312@yahoo.com
51,Fabian,Haygood,5/12/2017,Fabian.Haygood546@google.com
52,Deana,Fielder,6/20/2017,Deana.Fielder188@yahoo.com
53,Sabir,Deegan,7/20/2017,Sabir.Deegan77@google.com
54,Naoko,Dotson,8/16/2017,Naoko.Dotson817@yahoo.com
55,Vitus,Blanco,9/9/2017,Vitus.Blanco271@facebook.com
56,Aderes,Hering,12/19/2017,Aderes.Hering858@yahoo.com
57,Arval,Rourke,3/31/2018,Arval.Rourke682@yahoo.com
58,Alberta,Mastin,4/17/2018,Alberta.Mastin53@utd.edu
59,Oleander,Gebhart,4/21/2018,Oleander.Gebhart568@aol.com
60,Abner,Streeter,4/22/2018,Abner.Streeter651@outlook.com
61,Mathew,Montanez,5/16/2018,Mathew.Montanez905@att.com
62,Trixy,Mickelson,6/30/2018,Trixy.Mickelson632@aol.com
63,Loring,Lurie,7/7/2018,Loring.Lurie27@facebook.com
64,Marron,Dunkley,10/11/2018,Marron.Dunkley939@google.com
65,Shanelle,Ratner,11/20/2018,Shanelle.Ratner376@google.com
66,Latif,Houghton,5/10/2019,Latif.Houghton53@att.com
67,Dannie,Jimerson,5/31/2019,Dannie.Jimerson946@outlook.com
68,Vyasa,Baldwin,6/28/2019,Vyasa.Baldwin481@aol.com
69,Cilla,Chae,7/18/2019,Cilla.Chae114@yahoo.com
70,Senon,Noel,8/24/2019,Senon.Noel819@facebook.com
71,Cameron,Pasley,11/5/2019,Cameron.Pasley257@utd.edu
72,Haimi,Campos,11/15/2019,Haimi.Campos539@google.com
73,Kazimir,Escareno,11/22/2019,Kazimir.Escareno649@aol.com
74,Kelila,Sabatini,12/7/2019,Kelila.Sabatini162@rackspace.com
75,Hanan,Villano,12/28/2019,Hanan.Villano732@att.com
76,Tean,Albee,6/18/2017,Tean.Albee805@google.com
77,Barak,Ridenour,6/28/2017,Barak.Ridenour24@facebook.com
78,Silva,Winders,7/4/2017,Silva.Winders35@google.com
79,Arley,Stump,7/6/2017,Arley.Stump142@utd.edu
80,Barb,Denis,7/11/2017,Barb.Denis650@aol.com
81,Rastus,Wilks,7/28/2017,Rastus.Wilks570@aol.com
82,Valborg,Tosh,9/29/2017,Valborg.Tosh251@yahoo.com
83,Grosvenor,Almazan,12/31/2017,Grosvenor.Almazan103@utd.edu
84,Jocosa,Rigby,1/27/2018,Jocosa.Rigby701@outlook.com
85,Rene,Grey,2/6/2018,Rene.Grey540@google.com
86,Platona,Twitchell,3/5/2018,Platona.Twitchell981@google.com
87,Sapna,Villalobos,4/11/2018,Sapna.Villalobos212@yahoo.com
88,Lari,Leighton,5/10/2018,Lari.Leighton457@rackspace.com
89,Yoel,Reiser,9/26/2018,Yoel.Reiser456@yahoo.com
90,Todd,Lowrie,10/3/2018,Todd.Lowrie433@att.com
91,Jayden,Cadiz,12/2/2018,Jayden.Cadiz146@utd.edu
92,Angelita,Vicknair,12/31/2018,Angelita.Vicknair958@yahoo.com
93,Jozef,Ealey,1/20/2019,Jozef.Ealey722@utd.edu
94,Bosley,Litton,2/24/2019,Bosley.Litton885@outlook.com
95,Atlas,Reiser,3/13/2019,Atlas.Reiser718@yahoo.com
96,Pearl,Dysart,6/20/2019,Pearl.Dysart613@yahoo.com
97,Farrah,Schoenfeld,9/9/2019,Farrah.Schoenfeld481@rackspace.com
98,Saul,Castello,10/28/2019,Saul.Castello106@rackspace.com
99,Astera,Christner,12/12/2019,Astera.Christner877@google.com
100,Dicky,Overbey,12/23/2019,Dicky.Overbey467@outlook.com
